dataset,n_tasks,n_rows,n_valid,auc_mean,auc_std,acc_mean,acc_std,n_train_mean,n_test_mean
ALL,44,44,44,0.6207816639510964,0.1137043498234836,0.8021730404719395,0.1392514972134711,2981.6136363636365,746.1818181818181
BACE,1,1,1,0.7545234958278436,0.0,0.6798679867986799,0.0,1210.0,303.0
BBBP,1,1,1,0.9178066349458102,0.0,0.8777506112469438,0.0,1630.0,409.0
ClinTox,2,2,2,0.5875894914870008,0.01310725701996679,0.9307432432432432,0.005067567567567599,1183.0,296.0
HIV,1,1,1,0.6466471743818176,0.0,0.9654669260700388,0.0,32896.0,8224.0
SIDER,27,27,27,0.5521241147896317,0.0628683050655284,0.7334887334887334,0.12750864475357238,1141.0,286.0
Tox21,12,12,12,0.7427404855332255,0.06262189461687118,0.9255704971639481,0.0444230385974023,5190.166666666667,1298.5
