dataset,n_tasks,n_rows,n_valid,auc_mean,auc_std,acc_mean,acc_std,n_train_mean,n_test_mean
ALL,44,44,44,0.6059061611115047,0.10691198693122006,0.7955526476372441,0.14617712572310135,2981.6136363636365,746.1818181818181
BACE,1,1,1,0.7389767237593324,0.0,0.66996699669967,0.0,1210.0,303.0
BBBP,1,1,1,0.8803198519693366,0.0,0.8679706601466992,0.0,1630.0,409.0
ClinTox,2,2,2,0.5976763891503342,0.020439072030820515,0.9307432432432432,0.005067567567567599,1183.0,296.0
HIV,1,1,1,0.6147975658627736,0.0,0.9649805447470816,0.0,32896.0,8224.0
SIDER,27,27,27,0.5390672061879664,0.052953864856421666,0.7239057239057238,0.13477038097665606,1141.0,286.0
Tox21,12,12,12,0.7229674668282495,0.06330790188474679,0.9245381052086868,0.04583186205235507,5190.166666666667,1298.5
